Name:,Adam/Arindam/Shuang
Email:,ak@psu.edu
Direct Fetched:,YANG2022
Hand Fetched:,F
Comment:,Alloys from Yang 2022 paper. Many fields augmented with additonal data by Adam. DOIs from Shuang

id/nickname,Composition,Structure,Processing,Material Comment,Name,Source,Property Parameters,Temperature [K],Value [SI],Uncertainty [SI],Unit [SI],Pointer,DOI
None,Co22.2Cr22.2Fe22.2Ni22.2Mo11.1,None,AC,None,hardness,EXP,None,298,2157540000.0,None,Pa,None,10.1007/s11837-013-0753-6
None,Al10Co20Cr20Fe20Ni20Mo10,None,AC,None,hardness,EXP,None,298,4315080000.0,None,Pa,None,10.1007/s11837-013-0753-6
None,Al20Co10Cr20Fe20Ni20Mo10,None,AC,None,hardness,EXP,None,298,7855407000.0,None,Pa,None,10.1007/s11837-013-0753-6
None,Al20Co20Cr20Fe10Ni20Mo10,None,AC,None,hardness,EXP,None,298,7404285000.0,None,Pa,None,10.1016/j.wear.2009.10.013
None,Al19.6Co19.6Cr19.6Fe11.8Ni19.6Mo9.8,None,AC,None,hardness,EXP,None,298,7394477999.999999,None,Pa,None,10.1016/j.wear.2009.10.013
None,Al20Co20Cr20Fe20Ni10Mo10,None,AC,None,hardness,EXP,None,298,6943356000.0,None,Pa,None,10.1016/j.intermet.2012.09.008
None,Al16.7Co16.7Cr16.7Fe16.7Ni25Mo8.3,None,AC,None,hardness,EXP,None,298,5746901999.999999,None,Pa,None,10.1016/j.intermet.2012.09.008
None,Al15.4Co15.4Cr15.4Fe15.4Ni30.8Mo7.7,None,AC,None,hardness,EXP,None,298,3873764999.9999995,None,Pa,None,10.1016/j.intermet.2012.09.008
None,Al16.7Co25Cr16.7Fe16.7Ni16.7Mo8.3,None,AC,None,hardness,EXP,None,298,7266986999.999999,None,Pa,None,10.1002/adem.200900171
None,Al15.4Co30.8Cr15.4Fe15.4Ni15.4Mo7.7,None,AC,None,hardness,EXP,None,298,5746901999.999999,None,Pa,None,10.1002/adem.200900171
None,Al16.7Co16.7Cr16.7Fe25Ni16.7Mo8.3,None,AC,None,hardness,EXP,None,298,6227444999.999999,None,Pa,None,10.1016/j.wear.2009.10.013
None,Al15.4Co15.4Cr15.4Fe30.8Ni15.4Mo7.7,None,AC,None,hardness,EXP,None,298,6266673000.0,None,Pa,None,10.1016/j.wear.2009.10.013
None,Al25Co16.7Cr16.7Fe16.7Ni16.7Mo8.3,None,AC,None,hardness,EXP,None,298,6521655000.0,None,Pa,None,10.1007/s11837-013-0753-6 
None,Al30.8Co15.4Cr15.4Fe15.4Ni15.4Mo7.7,None,AC,None,hardness,EXP,None,298,6031305000.0,None,Pa,None,10.1007/s11837-013-0753-6 
None,Co19Cr19Fe19Ni19Mn19V4.8,None,AC,None,hardness,EXP,None,298,1480856999.9999998,None,Pa,None,10.1016/j.jallcom.2014.12.157
None,Co18.2Cr18.2Fe18.2Ni18.2Mn18.2V9.1,None,AC,None,hardness,EXP,None,298,1824102000.0,None,Pa,None,10.1016/j.jallcom.2014.12.157
None,Co17.4Cr17.4Fe17.4Ni17.4Mn17.4V13,None,AC,None,hardness,EXP,None,298,3353993999.9999995,None,Pa,None,10.1016/j.jallcom.2014.12.157
None,Co16.7Cr16.7Fe16.7Ni16.7Mn16.7V16.7,None,AC,None,hardness,EXP,None,298,6374550000.0,None,Pa,None,10.1016/j.jallcom.2014.12.157
None,Al2Co19.6Cr19.6Fe19.6Ni19.6Mn19.6,FCC,AC,None,hardness,EXP,None,298,1765260000.0,None,Pa,None,10.1016/j.actamat.2013.09.037
None,Al3.8Co19.2Cr19.2Fe19.2Ni19.2Mn19.2,FCC,AC,None,hardness,EXP,None,298,1676996999.9999998,None,Pa,None,10.1016/j.actamat.2013.09.037
None,Al7.1Co18.6Cr18.6Fe18.6Ni18.6Mn18.6,FCC,AC,None,hardness,EXP,None,298,1784873999.9999998,None,Pa,None,10.1016/j.actamat.2013.09.037
None,Al7.9Co18.4Cr18.4Fe18.4Ni18.4Mn18.4,FCC+BCC,AC,None,hardness,EXP,None,298,1794681000.0,None,Pa,None,10.1016/j.actamat.2013.09.037
None,Al8.9Co18.2Cr18.2Fe18.2Ni18.2Mn18.2,FCC+BCC,AC,None,hardness,EXP,None,298,2157540000.0,None,Pa,None,10.1016/j.actamat.2013.09.037
None,Al10.1Co18Cr18Fe18Ni18Mn18,FCC+BCC,AC,None,hardness,EXP,None,298,2726346000.0,None,Pa,None,10.1016/j.actamat.2013.09.037
None,Al11Co17.8Cr17.8Fe17.8Ni17.8Mn17.8,FCC+BCC,AC,None,hardness,EXP,None,298,3971835000.0,None,Pa,None,10.1016/j.actamat.2013.09.037
None,Al12Co17.6Cr17.6Fe17.6Ni17.6Mn17.6,?,AC,None,hardness,EXP,None,298,4766202000.0,None,Pa,None,10.1016/j.actamat.2013.09.037
None,Al13Co17.4Cr17.4Fe17.4Ni17.4Mn17.4,?,AC,None,hardness,EXP,None,298,5197710000.0,None,Pa,None,10.1016/j.actamat.2013.09.037
None,Al13.9Co17.2Cr17.2Fe17.2Ni17.2Mn17.2,?,AC,None,hardness,EXP,None,298,5285973000.0,None,Pa,None,10.1016/j.actamat.2013.09.037
None,Al15Co17Cr17Fe17Ni17Mn17,?,AC,None,hardness,EXP,None,298,5227131000.0,None,Pa,None,10.1016/j.actamat.2013.09.037
None,Al16Co16.8Cr16.8Fe16.8Ni16.8Mn16.8,?,AC,None,hardness,EXP,None,298,5246745000.0,None,Pa,None,10.1016/j.actamat.2013.09.037
None,Al20Co16Cr16Fe16Ni16Mn16,BCC+BCC,AC,None,hardness,EXP,None,298,5285973000.0,None,Pa,None,10.1016/j.actamat.2013.09.037
None,Al11.1Cr22.2Fe33.3Ni11.1Mn22.2,None,AC,None,hardness,EXP,None,298,3883572000.0,None,Pa,None,10.1016/j.msea.2010.05.052
None,Al7Cr23.3Fe34.9Ni11.6Mn23.3,None,AC,None,hardness,EXP,None,298,2912679000.0,None,Pa,None,10.1016/j.msea.2010.05.052
None,Al22.2Co22.2Cr22.2Fe22.2Mo11.1,None,AC,None,hardness,EXP,None,298,8404598999.999999,None,Pa,None,10.1016/j.intermet.2012.09.008
None,Al23.8Cr23.8Fe23.8Ni23.8Mo4.8,None,AC,None,hardness,EXP,None,298,5384043000.0,None,Pa,None,10.1016/j.jallcom.2013.03.253
None,Al22.2Cr22.2Fe22.2Ni22.2Mo11.1,None,AC,None,hardness,EXP,None,298,6099953999.999999,None,Pa,None,10.1016/j.jallcom.2013.03.253
None,Al20.8Cr20.8Fe20.8Ni20.8Mo16.7,None,AC,None,hardness,EXP,None,298,8375178000.0,None,Pa,None,10.1016/j.jallcom.2013.03.253
None,Al20Cr20Fe20Ni20Mo20,None,AC,None,hardness,EXP,None,298,8875335000.0,None,Pa,None,10.1016/j.jallcom.2013.03.253
None,Co25Cr25Cu25Fe25,None,AC,None,hardness,EXP,None,298,1314138000.0,None,Pa,None,10.3166/acsm.31.633-648
None,Al7Co23.3Cr23.3Cu23.3Fe23.3,None,AC,None,hardness,EXP,None,298,1765260000.0,None,Pa,None,10.3166/acsm.31.633-648
None,Al11.1Co22.2Cr22.2Cu22.2Fe22.2,None,AC,None,hardness,EXP,None,298,2030049000.0,None,Pa,None,10.3166/acsm.31.633-648
None,Al16.7Co20.8Cr20.8Cu20.8Fe20.8,None,AC,None,hardness,EXP,None,298,2657696999.9999995,None,Pa,None,10.3166/acsm.31.633-648
None,Al24.5Co18.9Cr18.9Cu18.9Fe18.9,None,AC,None,hardness,EXP,None,298,4668132000.0,None,Pa,None,10.3166/acsm.31.633-648
None,Al27.3Co18.2Cr18.2Cu18.2Fe18.2,None,AC,None,hardness,EXP,None,298,5001570000.0,None,Pa,None,10.3166/acsm.31.633-648
None,Al31Co17.2Cr17.2Cu17.2Fe17.2,None,AC,None,hardness,EXP,None,298,5462499000.0,None,Pa,None,10.3166/acsm.31.633-648
None,Al33.3Co16.7Cr16.7Cu16.7Fe16.7,None,AC,None,hardness,EXP,None,298,5560569000.0,None,Pa,None,10.3166/acsm.31.633-648
None,Al36.5Co15.9Cr15.9Cu15.9Fe15.9,None,AC,None,hardness,EXP,None,298,5913621000.0,None,Pa,None,10.3166/acsm.31.633-648
None,Al38.5Co15.4Cr15.4Cu15.4Fe15.4,None,AC,None,hardness,EXP,None,298,6119568000.0,None,Pa,None,10.3166/acsm.31.633-648
None,Al41.2Co14.7Cr14.7Cu14.7Fe14.7,None,AC,None,hardness,EXP,None,298,6443199000.0,None,Pa,None,10.3166/acsm.31.633-648
None,Al42.9Co14.3Cr14.3Cu14.3Fe14.3,None,AC,None,hardness,EXP,None,298,6315708000.0,None,Pa,None,10.3166/acsm.31.633-648
None,Co22.2Cr22.2Cu11.1Fe22.2Ni22.2,None,AC,None,hardness,EXP,None,298,1686804000.0,None,Pa,None,10.1016/j.intermet.2010.03.030
None,Al8.8Co17.5Cr17.5Cu17.5Fe17.5Ni17.5Ti3.5,None,AC,None,hardness,EXP,None,298,2667504000.0,None,Pa,None,10.2320/matertrans.47.1395
None,Al8.5Co16.9Cr16.9Cu16.9Fe16.9Ni16.9Ti6.8,None,AC,None,hardness,EXP,None,298,3148047000.0,None,Pa,None,10.2320/matertrans.47.1395
None,Al8.2Co16.4Cr16.4Cu16.4Fe16.4Ni16.4Ti9.8,None,AC,None,hardness,EXP,None,298,4491606000.0,None,Pa,None,10.2320/matertrans.47.1395
None,Al7.9Co15.9Cr15.9Cu15.9Fe15.9Ni15.9Ti12.7,None,AC,None,hardness,EXP,None,298,5786130000.0,None,Pa,None,10.2320/matertrans.47.1395
None,Al7.7Co15.4Cr15.4Cu15.4Fe15.4Ni15.4Ti15.4,None,AC,None,hardness,EXP,None,298,6237252000.0,None,Pa,None,10.2320/matertrans.47.1395
None,Al7.5Co14.9Cr14.9Cu14.9Fe14.9Ni14.9Ti17.9,None,AC,None,hardness,EXP,None,298,6335322000.0,None,Pa,None,10.2320/matertrans.47.1395
None,Al7.2Co14.5Cr14.5Cu14.5Fe14.5Ni14.5Ti20.3,None,AC,None,hardness,EXP,None,298,6511848000.0,None,Pa,None,10.2320/matertrans.47.1395
None,Al7Co14.1Cr14.1Cu14.1Fe14.1Ni14.1Ti22.5,None,AC,None,hardness,EXP,None,298,6443199000.0,None,Pa,None,10.2320/matertrans.47.1395
None,Al6.8Co13.7Cr13.7Cu13.7Fe13.7Ni13.7Ti24.7,None,AC,None,hardness,EXP,None,298,6541269000.0,None,Pa,None,10.2320/matertrans.47.1395
None,Al6.7Co13.3Cr13.3Cu13.3Fe13.3Ni13.3Ti26.7,None,AC,None,hardness,EXP,None,298,6825672000.0,None,Pa,None,10.2320/matertrans.47.1395
None,Al8.8Co17.5Cr17.5Cu17.5Fe17.5Ni17.5V3.5,None,AC,None,hardness,EXP,None,298,2000627999.9999998,None,Pa,None,10.1007/s11661-006-0081-3
None,Al8.5Co16.9Cr16.9Cu16.9Fe16.9Ni16.9V6.8,None,AC,None,hardness,EXP,None,298,2265417000.0,None,Pa,None,10.1007/s11661-006-0081-3
None,Al8.2Co16.4Cr16.4Cu16.4Fe16.4Ni16.4V9.8,None,AC,None,hardness,EXP,None,298,3216696000.0,None,Pa,None,10.1007/s11661-006-0081-3
None,Al7.9Co15.9Cr15.9Cu15.9Fe15.9Ni15.9V12.7,None,AC,None,hardness,EXP,None,298,4383729000.0,None,Pa,None,10.1007/s11661-006-0081-3
None,Al7.7Co15.4Cr15.4Cu15.4Fe15.4Ni15.4V15.4,None,AC,None,hardness,EXP,None,298,6266673000.0,None,Pa,None,10.1007/s11661-006-0081-3
None,Al7.5Co14.9Cr14.9Cu14.9Fe14.9Ni14.9V17.9,None,AC,None,hardness,EXP,None,298,5678253000.0,None,Pa,None,10.1007/s11661-006-0081-3
None,Al7.2Co14.5Cr14.5Cu14.5Fe14.5Ni14.5V20.3,None,AC,None,hardness,EXP,None,298,5658639000.0,None,Pa,None,10.1007/s11661-006-0081-3
None,Al7Co14.1Cr14.1Cu14.1Fe14.1Ni14.1V22.5,None,AC,None,hardness,EXP,None,298,5825358000.0,None,Pa,None,10.1007/s11661-006-0081-3
None,Al6.8Co13.7Cr13.7Cu13.7Fe13.7Ni13.7V24.7,None,AC,None,hardness,EXP,None,298,5854779000.0,None,Pa,None,10.1007/s11661-006-0081-3
None,Al6.7Co13.3Cr13.3Cu13.3Fe13.3Ni13.3V26.7,None,AC,None,hardness,EXP,None,298,5756709000.0,None,Pa,None,10.1007/s11661-006-0081-3
None,Co20Cu20Fe20Ni20Mn20,None,AC,None,hardness,EXP,None,298,2039856000.0,None,Pa,None,10.1016/j.matdes.2012.08.019
None,Cr20Cu20Fe20Ni20Mn20,None,AC,None,hardness,EXP,None,298,2902872000.0,None,Pa,None,10.1016/j.jallcom.2008.07.124
None,Cr20Cu20Fe20Ni20Mo20,None,AC,None,hardness,EXP,None,298,2579241000.0,None,Pa,None,10.1016/j.jallcom.2008.07.124
None,Al18.2Co9.1Cr18.2Cu18.2Fe18.2Ni18.2,None,AC,None,hardness,EXP,None,298,4638711000.0,None,Pa,None,10.1016/j.matlet.2006.03.140
None,Al18.2Co18.2Cr9.1Cu18.2Fe18.2Ni18.2,None,AC,None,hardness,EXP,None,298,3599169000.0,None,Pa,None,10.1016/j.matlet.2006.03.140
None,Al18.2Co18.2Cr18.2Cu18.2Fe9.1Ni18.2,None,AC,None,hardness,EXP,None,298,4099325999.9999995,None,Pa,None,10.1016/j.matlet.2006.03.140
None,Al18.2Co18.2Cr18.2Cu18.2Fe18.2Ni9.1,None,AC,None,hardness,EXP,None,298,4148360999.9999995,None,Pa,None,10.1016/j.matlet.2006.03.140
None,Al5.3Co21.1Cr21.1Fe26.3Ni26.3,None,AC,None,hardness,EXP,None,298,1647576000.0,None,Pa,None,10.1016/j.msea.2015.07.088
None,Al12.5Co12.5Cr12.5Fe12.5Ni50,FCC,AC,None,hardness,EXP,None,298,2206575000.0,None,Pa,None,10.1016/j.intermet.2016.09.003
None,Cr25Cu25Fe25Ni25,None,AC,None,hardness,EXP,None,298,1402401000.0,None,Pa,None,10.1016/j.intermet.2016.09.003
None,Co5Cr23.8Cu23.8Fe23.8Ni23.8,None,AC,None,hardness,EXP,None,298,1431822000.0,None,Pa,None,10.1016/j.intermet.2016.09.003
None,Co10Cr22.5Cu22.5Fe22.5Ni22.5,None,AC,None,hardness,EXP,None,298,1471050000.0,None,Pa,None,10.1016/j.intermet.2016.09.003
None,Co15Cr21.3Cu21.3Fe21.3Ni21.3,None,AC,None,hardness,EXP,None,298,1549506000.0,None,Pa,None,10.1016/j.intermet.2016.09.003
None,Co33.3Cr16.7Cu16.7Fe16.7Ni16.7,None,AC,None,hardness,EXP,None,298,1716225000.0,None,Pa,None,10.1016/j.intermet.2016.09.003
None,Co25Cu25Fe25Ni25,None,AC,None,hardness,EXP,None,298,1510278000.0,None,Pa,None,10.1016/j.intermet.2016.09.003
None,Co23.8Cr5Cu23.8Fe23.8Ni23.8,None,AC,None,hardness,EXP,None,298,1500471000.0,None,Pa,None,10.1016/j.intermet.2016.09.003
None,Co22.5Cr10Cu22.5Fe22.5Ni22.5,None,AC,None,hardness,EXP,None,298,1549506000.0,None,Pa,None,10.1016/j.intermet.2016.09.003
None,Co21.3Cr15Cu21.3Fe21.3Ni21.3,None,AC,None,hardness,EXP,None,298,1578927000.0,None,Pa,None,10.1016/j.intermet.2016.09.003
None,Co16.7Cr33.3Cu16.7Fe16.7Ni16.7,None,AC,None,hardness,EXP,None,298,1686804000.0,None,Pa,None,10.1016/j.intermet.2016.09.003
None,Co25Cr25Cu25Ni25,FCC+FCC,AC,None,hardness,EXP,None,298,1794681000.0,None,Pa,None,10.1016/j.intermet.2016.09.003
None,Co23.8Cr23.8Cu23.8Fe5Ni23.8,FCC+FCC,AC,None,hardness,EXP,None,298,1784873999.9999998,None,Pa,None,10.1016/j.intermet.2016.09.003
None,Co22.5Cr22.5Cu22.5Fe10Ni22.5,FCC+FCC,AC,None,hardness,EXP,None,298,1686804000.0,None,Pa,None,10.1016/j.intermet.2016.09.003
None,Co21.3Cr21.3Cu21.3Fe15Ni21.3,FCC+FCC,AC,None,hardness,EXP,None,298,1676996999.9999998,None,Pa,None,10.1016/j.intermet.2016.09.003
None,Co16.7Cr16.7Cu16.7Fe33.3Ni16.7,FCC,AC,None,hardness,EXP,None,298,1539699000.0,None,Pa,None,10.1016/j.intermet.2016.09.003
None,Co22.5Cr22.5Cu22.5Fe22.5Ni10,FCC+FCC,AC,None,hardness,EXP,None,298,1667190000.0,None,Pa,None,10.1016/j.intermet.2016.09.003
None,Co21.3Cr21.3Cu21.3Fe21.3Ni15,FCC+FCC,AC,None,hardness,EXP,None,298,1637769000.0,None,Pa,None,10.1016/j.intermet.2016.09.003
None,Co16.7Cr16.7Cu16.7Fe16.7Ni33.3,FCC,AC,None,hardness,EXP,None,298,1549506000.0,None,Pa,None,10.1016/j.intermet.2016.09.003
None,Co26.7Cr26.7Fe26.7Ni20,None,AC,None,hardness,EXP,None,298,1372979999.9999998,None,Pa,None,10.1016/j.intermet.2016.09.003
None,Co20Cr20Fe20Ni40,None,AC,None,hardness,EXP,None,298,1225875000.0,None,Pa,None,10.1016/j.intermet.2016.09.003
None,Al14.3Co14.3Cr14.3Fe14.3Ni42.9,BCC+B2+FCC,AC,None,hardness,EXP,None,298,2373294000.0,None,Pa,None,10.1016/j.intermet.2016.09.003
None,Al15.4Co15.4Cr15.4Fe15.4Ni38.5,BCC+B2+FCC,AC,None,hardness,EXP,None,298,2598855000.0,None,Pa,None,10.1016/j.intermet.2016.09.003
None,Al16.7Co16.7Cr16.7Fe16.7Ni33.3,BCC+B2+FCC,AC,None,hardness,EXP,None,298,3285345000.0,None,Pa,None,10.1016/j.intermet.2016.09.003
None,Co28.3Cr28.3Fe28.3Ni15,None,AC,None,hardness,EXP,None,298,1667190000.0,None,Pa,None,10.1016/j.intermet.2016.09.003
None,Al5Co31.7Cr31.7Fe31.7,None,AC,None,hardness,EXP,None,298,4658325000.0,None,Pa,None,10.1016/j.intermet.2016.09.003
None,Al10Co30Cr30Fe30,None,AC,None,hardness,EXP,None,298,6080340000.0,None,Pa,None,10.1016/j.intermet.2016.09.003
None,Al18.2Co18.2Cr18.2Fe18.2Ni27.3,BCC+B2+FCC,AC,None,hardness,EXP,None,298,4932920999.999999,None,Pa,None,10.1016/j.intermet.2016.09.003
None,Al21.3Co21.3Cr21.3Fe21.3Ni15,BCC+B2,AC,None,hardness,EXP,None,298,5442885000.0,None,Pa,None,10.1016/j.intermet.2016.09.003
None,Al22.5Co22.5Cr22.5Fe22.5Ni10,BCC+B2,AC,None,hardness,EXP,None,298,5374236000.0,None,Pa,None,10.1016/j.intermet.2016.09.003
None,Al23.8Co23.8Cr23.8Fe23.8Ni5,BCC+B2,AC,None,hardness,EXP,None,298,6031305000.0,None,Pa,None,10.1016/j.intermet.2016.09.003
None,Al25Co25Cr25Fe25,None,AC,None,hardness,EXP,None,298,7061040000.0,None,Pa,None,10.1016/j.intermet.2016.09.003
None,Al23.8Co5Cr23.8Fe23.8Ni23.8,BCC+B2,AC,None,hardness,EXP,None,298,5393850000.0,None,Pa,None,10.1016/j.intermet.2016.09.003
None,Al22.5Co10Cr22.5Fe22.5Ni22.5,BCC+B2,AC,None,hardness,EXP,None,298,5285973000.0,None,Pa,None,10.1016/j.intermet.2016.09.003
None,Al16.7Co33.3Cr16.7Fe16.7Ni16.7,BCC+B2,AC,None,hardness,EXP,None,298,5217324000.0,None,Pa,None,10.1016/j.intermet.2016.09.003
None,Al23.8Co23.8Cr5Fe23.8Ni23.8,BCC+B2,AC,None,hardness,EXP,None,298,4295466000.0,None,Pa,None,10.1016/j.intermet.2016.09.003
None,Al22.5Co22.5Cr10Fe22.5Ni22.5,BCC+B2,AC,None,hardness,EXP,None,298,4668132000.0,None,Pa,None,10.1016/j.intermet.2016.09.003
None,Al21.3Co21.3Cr15Fe21.3Ni21.3,BCC+B2,AC,None,hardness,EXP,None,298,5001570000.0,None,Pa,None,10.1016/j.intermet.2016.09.003
None,Al16.7Co16.7Cr33.3Fe16.7Ni16.7,BCC+B2,AC,None,hardness,EXP,None,298,6050918999.999999,None,Pa,None,10.1016/j.intermet.2016.09.003
None,Al25Co25Cr25Ni25,None,AC,None,hardness,EXP,None,298,6982584000.0,None,Pa,None,10.1016/j.intermet.2016.09.003
None,Al23.8Co23.8Cr23.8Fe5Ni23.8,BCC+B2,AC,None,hardness,EXP,None,298,6521655000.0,None,Pa,None,10.1016/j.intermet.2016.09.003
None,Al22.5Co22.5Cr22.5Fe10Ni22.5,BCC+B2,AC,None,hardness,EXP,None,298,5756709000.0,None,Pa,None,10.1016/j.intermet.2016.09.003
None,Al21.3Co21.3Cr21.3Fe15Ni21.3,BCC+B2,AC,None,hardness,EXP,None,298,5472306000.0,None,Pa,None,10.1016/j.intermet.2016.09.003
None,Al15Co28.3Cr28.3Fe28.3,None,AC,None,hardness,EXP,None,298,6423585000.0,None,Pa,None,10.1016/j.intermet.2016.09.003
None,Al20Co26.7Cr26.7Fe26.7,None,AC,None,hardness,EXP,None,298,6815865000.0,None,Pa,None,10.1016/j.intermet.2016.09.003
None,Al40Co20Cr20Fe20,None,AC,None,hardness,EXP,None,298,7600425000.0,None,Pa,None,10.1016/j.intermet.2016.09.003
None,Al5.7Co18.9Cr18.9Cu18.9Fe18.9Ni18.9,None,AC,None,hardness,EXP,None,298,1794681000.0,None,Pa,None,10.1002/adem.200300567
None,Al13.8Co17.2Cr17.2Cu17.2Fe17.2Ni17.2,None,AC,None,hardness,EXP,None,298,2667504000.0,None,Pa,None,10.1002/adem.200300567
None,Al20.6Co15.9Cr15.9Cu15.9Fe15.9Ni15.9,None,AC,None,hardness,EXP,None,298,4638711000.0,None,Pa,None,10.1002/adem.200300567
None,Al26.5Co14.7Cr14.7Cu14.7Fe14.7Ni14.7,None,AC,None,hardness,EXP,None,298,5923427999.999999,None,Pa,None,10.1002/adem.200300567
None,Al23.1Co15.4Cr15.4Cu15.4Fe15.4Ni15.4,None,AC,None,hardness,EXP,None,298,4981956000.0,None,Pa,None,10.1002/adem.200300567
None,Al31.5Co13.7Cr13.7Cu13.7Fe13.7Ni13.7,None,AC,None,hardness,EXP,None,298,5903814000.0,None,Pa,None,10.1002/adem.200300567
None,Al33.3Co13.3Cr13.3Cu13.3Fe13.3Ni13.3,None,AC,None,hardness,EXP,None,298,6109761000.0,None,Pa,None,10.1002/adem.200300567
None,Al35.9Co12.8Cr12.8Cu12.8Fe12.8Ni12.8,None,AC,None,hardness,EXP,None,298,6403970999.999999,None,Pa,None,10.1002/adem.200300567
None,Al37.5Co12.5Cr12.5Cu12.5Fe12.5Ni12.5,None,AC,None,hardness,EXP,None,298,6747216000.0,None,Pa,None,10.1002/adem.200300567
None,Al2.4Co24.4Cr24.4Fe24.4Ni24.4,None,AC,None,hardness,EXP,None,298,1157225999.9999998,None,Pa,None,10.1016/j.intermet.2012.03.005
None,Al14.9Co21.3Cr21.3Fe21.3Ni21.3,None,AC,None,hardness,EXP,None,298,3314766000.0,None,Pa,None,10.1016/j.intermet.2012.03.005
None,Al16.7Co20.8Cr20.8Fe20.8Ni20.8,None,AC,None,hardness,EXP,None,298,3746274000.0,None,Pa,None,10.1016/j.intermet.2012.03.005
None,Al18.4Co20.4Cr20.4Fe20.4Ni20.4,None,AC,None,hardness,EXP,None,298,5168289000.0,None,Pa,None,10.1016/j.intermet.2012.03.005
None,Al31Co17.2Cr17.2Fe17.2Ni17.2,None,AC,None,hardness,EXP,None,298,4726974000.0,None,Pa,None,10.1016/j.intermet.2012.03.005
None,Al14.3Co42.9Cu14.3Fe14.3Ni14.3,None,AC,None,hardness,EXP,None,298,1627962000.0,None,Pa,None,10.11890/1006-7191-122-124
None,Al23.8Co4.8Cu23.8Fe23.8Ni23.8,None,AC,None,hardness,EXP,None,298,5207517000.0,None,Pa,None,10.11890/1006-7191-122-124
None,Al22.2Co11.1Cu22.2Fe22.2Ni22.2,None,AC,None,hardness,EXP,None,298,5344815000.0,None,Pa,None,10.11890/1006-7191-122-124
None,Al18.2Co27.3Cu18.2Fe18.2Ni18.2,None,AC,None,hardness,EXP,None,298,3589362000.0,None,Pa,None,10.11890/1006-7191-122-124
None,Al16.7Co33.3Cu16.7Fe16.7Ni16.7,None,AC,None,hardness,EXP,None,298,2441942999.9999995,None,Pa,None,10.11890/1006-7191-122-124
None,Al5.9Co23.5Cr23.5Fe23.5Ni23.5,None,AC,None,hardness,EXP,None,298,1078770000.0,None,Pa,None,10.1016/j.jallcom.2009.08.090
None,Al15.8Co21.1Cr21.1Fe21.1Ni21.1,None,AC,None,hardness,EXP,None,298,3805116000.0,None,Pa,None,10.1016/j.jallcom.2009.08.090
None,Al17.9Co20.5Cr20.5Fe20.5Ni20.5,None,AC,None,hardness,EXP,None,298,5276166000.0,None,Pa,None,10.1016/j.jallcom.2009.08.090
None,Al3.8Cr19.2Cu19.2Fe19.2Ni38.5,None,AC,None,hardness,EXP,None,298,1588733999.9999998,None,Pa,None,10.1016/j.jallcom.2013.01.007
None,Al5.7Cr18.9Cu18.9Fe18.9Ni37.7,None,AC,None,hardness,EXP,None,298,1667190000.0,None,Pa,None,10.1016/j.jallcom.2013.01.007
None,Al7.4Cr18.5Cu18.5Fe18.5Ni37,None,AC,None,hardness,EXP,None,298,1961400000.0,None,Pa,None,10.1016/j.jallcom.2013.01.007
None,Al9.1Cr18.2Cu18.2Fe18.2Ni36.4,None,AC,None,hardness,EXP,None,298,2334066000.0,None,Pa,None,10.1016/j.jallcom.2013.01.007
None,Al10.7Cr17.9Cu17.9Fe17.9Ni35.7,None,AC,None,hardness,EXP,None,298,2726346000.0,None,Pa,None,10.1016/j.jallcom.2013.01.007
None,Al12.3Cr17.5Cu17.5Fe17.5Ni35.1,None,AC,None,hardness,EXP,None,298,2844030000.0,None,Pa,None,10.1016/j.jallcom.2013.01.007
None,Al13.8Cr17.2Cu17.2Fe17.2Ni34.5,None,AC,None,hardness,EXP,None,298,3089204999.9999995,None,Pa,None,10.1016/j.jallcom.2013.01.007
None,Al15.3Cr16.9Cu16.9Fe16.9Ni33.9,None,AC,None,hardness,EXP,None,298,3324573000.0,None,Pa,None,10.1016/j.jallcom.2013.01.007
None,Al19.4Cr16.1Cu16.1Fe16.1Ni32.3,None,AC,None,hardness,EXP,None,298,5109447000.0,None,Pa,None,10.1016/j.jallcom.2013.01.007
None,Al23.1Cr15.4Cu15.4Fe15.4Ni30.8,None,AC,None,hardness,EXP,None,298,5354622000.0,None,Pa,None,10.1016/j.jallcom.2013.01.007
None,Al24.2Cr15.2Cu15.2Fe15.2Ni30.3,None,AC,None,hardness,EXP,None,298,5393850000.0,None,Pa,None,10.1016/j.jallcom.2013.01.007
None,Al28.6Cr14.3Cu14.3Fe14.3Ni28.6,None,AC,None,hardness,EXP,None,298,5560569000.0,None,Pa,None,10.1016/j.jallcom.2013.01.007
None,Al30.6Cr13.9Cu13.9Fe13.9Ni27.8,None,AC,None,hardness,EXP,None,298,5648832000.0,None,Pa,None,10.1016/j.jallcom.2013.01.007
None,Al33.3Cr13.3Cu13.3Fe13.3Ni26.7,None,AC,None,hardness,EXP,None,298,5815551000.0,None,Pa,None,10.1016/j.jallcom.2013.01.007
None,Al21.7Cr21.7Cu21.7Fe21.7Ni13,None,AC,None,hardness,EXP,None,298,4854465000.0,None,Pa,None,10.1016/j.msea.2011.11.063
None,Al20.8Cr20.8Cu20.8Fe20.8Ni16.7,None,AC,None,hardness,EXP,None,298,4766202000.0,None,Pa,None,10.1016/j.msea.2011.11.063
None,Al19.2Cr19.2Cu19.2Fe19.2Ni23.1,None,AC,None,hardness,EXP,None,298,4001255999.9999995,None,Pa,None,10.1016/j.msea.2011.11.063
None,Al18.5Cr18.5Cu18.5Fe18.5Ni25.9,None,AC,None,hardness,EXP,None,298,3618783000.0,None,Pa,None,10.1016/j.msea.2011.11.063
None,Al16.7Co16.7Cr16.7Cu8.3Fe16.7Ni25,None,AC,None,hardness,EXP,None,298,3510906000.0,None,Pa,None,10.1016/j.actamat.2019.03.010
None,Al20Co20Cr20Cu10Fe10Ni20,None,AC,None,hardness,EXP,None,298,5746901999.999999,None,Pa,None,10.1016/j.actamat.2019.03.010
None,Al16.7Co16.7Cr25Cu8.3Fe16.7Ni16.7,None,AC,None,hardness,EXP,None,298,5894007000.0,None,Pa,None,10.1016/j.actamat.2019.03.010
None,Al15.4Co30.8Cr15.4Cu7.7Fe15.4Ni15.4,None,AC,None,hardness,EXP,None,298,2893065000.0,None,Pa,None,10.1016/j.actamat.2019.03.010
None,Al22.2Co22.2Cu11.1Fe22.2Ni22.2,None,AC,None,hardness,EXP,None,298,5727288000.0,None,Pa,None,10.1016/j.actamat.2019.03.010
None,Al15.4Co15.4Cr15.4Cu7.7Fe15.4Ni30.8,None,AC,None,hardness,EXP,None,298,3040170000.0,None,Pa,None,10.1016/j.actamat.2019.03.010
None,Al16.7Co25Cr16.7Cu8.3Fe16.7Ni16.7,None,AC,None,hardness,EXP,None,298,4422957000.0,None,Pa,None,10.1016/j.actamat.2019.03.010
None,Al20Co20Cr10Cu10Fe20Ni20,None,AC,None,hardness,EXP,None,298,5354622000.0,None,Pa,None,10.1016/j.actamat.2019.03.010
None,Al15.4Co15.4Cr30.8Cu7.7Fe15.4Ni15.4,None,AC,None,hardness,EXP,None,298,5952849000.0,None,Pa,None,10.1016/j.actamat.2019.03.010
None,Al16.7Co16.7Cr16.7Cu8.3Fe25Ni16.7,None,AC,None,hardness,EXP,None,298,5266359000.0,None,Pa,None,10.1016/j.actamat.2019.03.010
None,Al15.4Co15.4Cr15.4Cu7.7Fe30.8Ni15.4,None,AC,None,hardness,EXP,None,298,5040798000.0,None,Pa,None,10.1016/j.actamat.2019.03.010
None,Al20Co20Cr20Cu10Fe20Ni10,None,AC,None,hardness,EXP,None,298,5923427999.999999,None,Pa,None,10.1016/j.actamat.2019.03.010
None,Al22.2Co22.2Cr22.2Cu11.1Fe22.2,None,AC,None,hardness,EXP,None,298,6266673000.0,None,Pa,None,10.1016/j.actamat.2019.03.010
None,Al22.2Cr22.2Cu11.1Fe22.2Ni22.2,None,AC,None,hardness,EXP,None,298,5236937999.999999,None,Pa,None,10.1016/j.actamat.2019.03.010
None,Al30.8Co15.4Cr15.4Cu7.7Fe15.4Ni15.4,None,AC,None,hardness,EXP,None,298,5972462999.999999,None,Pa,None,10.1016/j.actamat.2019.03.010
None,Al20Co10Cr20Cu10Fe20Ni20,None,AC,None,hardness,EXP,None,298,5403657000.0,None,Pa,None,10.1016/j.actamat.2019.03.010
None,Al11.1Cr22.2Cu22.2Fe22.2Ni22.2,None,AC,None,hardness,EXP,None,298,3746274000.0,None,Pa,None,10.3390/met12020191
None,Al27.3Cr18.2Cu18.2Fe18.2Ni18.2,None,AC,None,hardness,EXP,None,298,5619410999.999999,None,Pa,None,10.3390/met12020191
None,Al33.3Cr16.7Cu16.7Fe16.7Ni16.7,None,AC,None,hardness,EXP,None,298,6384357000.0,None,Pa,None,10.3390/met12020191
None,Al7.7Co30.8Fe30.8Ni30.8,None,AC,None,hardness,EXP,None,298,1343559000.0,None,Pa,None,10.1016/j.jmmm.2014.07.023
None,Al14.3Co28.6Fe28.6Ni28.6,None,AC,None,hardness,EXP,None,298,2049662999.9999998,None,Pa,None,10.1016/j.jmmm.2014.07.023
None,Al20Co26.7Fe26.7Ni26.7,None,AC,None,hardness,EXP,None,298,3756081000.0,None,Pa,None,10.1016/j.jmmm.2014.07.023
None,Al8Co17Cr17Cu8Fe17Ni33,None,AC,None,hardness,EXP,None,298,2745959999.9999995,None,Pa,None,10.1016/j.jallcom.2012.11.074
None,Al23Co15Cr23Cu8Fe15Ni16,None,AC,None,hardness,EXP,None,298,5688060000.0,None,Pa,None,10.1016/j.jallcom.2012.11.074
None,Al11.8Cr29.4Fe44.1Ni14.7,None,AC,None,hardness,EXP,None,298,4413150000.0,None,Pa,None,10.1179/143307511X12998222918796
None,Al6.3Cr31.3Fe46.9Ni15.6,None,AC,None,hardness,EXP,None,298,2981328000.0,None,Pa,None,10.1179/143307511X12998222918796
None,Al38.5Co15.4Cr15.4Fe15.4Ni15.4,None,AC,None,hardness,EXP,None,298,6815865000.0,None,Pa,None,10.1016/j.jallcom.2010.03.111
None,Al42.9Co14.3Cr14.3Fe14.3Ni14.3,None,AC,None,hardness,EXP,None,298,7257180000.0,None,Pa,None,10.1016/j.jallcom.2010.03.111
None,Al28.6Co14.3Cr14.3Cu14.3Fe14.3Ni14.3,None,AC,None,hardness,EXP,None,298,5599797000.0,None,Pa,None,10.1016/j.wear.2005.12.008
None,Al20Co20Cr20Cu20Ni20,None,AC,None,hardness,EXP,None,298,4069905000.0000005,None,Pa,None,10.1016/j.msea.2007.01.122
None,Al25Co16.7Cr16.7Cu8.3Fe16.7Ni16.7,None,AC,None,hardness,EXP,None,298,5903814000.0,None,Pa,None,10.1016/j.msea.2011.11.044
None,Co20Cr20Cu20Fe20Ni20,None,AC,None,hardness,EXP,None,298,1412208000.0,None,Pa,None,10.1016/j.intermet.2016.09.003
None,Al43Co6Cr33Cu6Fe6Ni6,None,AC,None,hardness,EXP,None,298,7492548000.0,None,Pa,None,10.1016/j.actamat.2019.03.010
None,Al42.9Co14.3Cr7.1Cu7.1Fe7.1Ni21.4,None,AC,None,hardness,EXP,None,298,5795936999.999999,None,Pa,None,10.1016/j.actamat.2019.03.010
None,Al42.9Co21.4Cr7.1Cu7.1Fe7.1Ni14.3,None,AC,None,hardness,EXP,None,298,6874707000.0,None,Pa,None,10.1016/j.actamat.2019.03.010
None,Al40Co13.3Cr6.7Cu13.3Fe20Ni6.7,None,AC,None,hardness,EXP,None,298,7531776000.0,None,Pa,None,10.1016/j.actamat.2019.03.010
None,Al46.2Co15.4Cr7.7Cu7.7Fe15.4Ni7.7,None,AC,None,hardness,EXP,None,298,6884514000.0,None,Pa,None,10.1016/j.actamat.2019.03.010
None,Al42.9Co14.3Cr14.3Cu7.1Fe7.1Ni14.3,None,AC,None,hardness,EXP,None,298,7061040000.0,None,Pa,None,10.1016/j.actamat.2019.03.010
None,Al42.9Co7.1Cr14.3Cu7.1Fe14.3Ni14.3,None,AC,None,hardness,EXP,None,298,6806058000.0,None,Pa,None,10.1016/j.actamat.2019.03.010
None,Al7Cr23.3Fe23.3Ni46.5,None,AC,None,hardness,EXP,None,298,1461243000.0,None,Pa,None,10.1016/j.actamat.2019.03.010
None,Al11.1Cr22.2Fe22.2Ni44.4,None,AC,None,hardness,EXP,None,298,2245803000.0,None,Pa,None,10.1016/j.actamat.2019.03.010
None,Al13Cr28Cu22Fe6Ni31,None,AC,None,hardness,EXP,None,298,4501412999.999999,None,Pa,None,10.1016/j.actamat.2019.03.010
None,Al12Cr31Cu21Fe5Ni31,None,AC,None,hardness,EXP,None,298,4599483000.0,None,Pa,None,10.1016/j.actamat.2019.03.010
None,Al12Cr31Cu20Fe5Ni32,None,AC,None,hardness,EXP,None,298,4736781000.0,None,Pa,None,10.1016/j.actamat.2019.03.010
None,Al10Cr35Cu25Fe5Ni25,None,AC,None,hardness,EXP,None,298,4628903999.999999,None,Pa,None,10.1016/j.actamat.2019.03.010
None,Al10Cr35Cu26Fe5Ni24,None,AC,None,hardness,EXP,None,298,4452377999.999999,None,Pa,None,10.1016/j.actamat.2019.03.010
None,Al10Cr35Cu24Fe5Ni26,None,AC,None,hardness,EXP,None,298,4324886999.999999,None,Pa,None,10.1016/j.actamat.2019.03.010
None,Al11Cr29Cu29Fe5Ni26,None,AC,None,hardness,EXP,None,298,4854465000.0,None,Pa,None,10.1016/j.actamat.2019.03.010
None,Al11Cr28Cu29Fe7Ni25,None,AC,None,hardness,EXP,None,298,4677939000.0,None,Pa,None,10.1016/j.actamat.2019.03.010
None,Al11Cr28Cu27Fe6Ni28,None,AC,None,hardness,EXP,None,298,4599483000.0,None,Pa,None,10.1016/j.actamat.2019.03.010
None,Al23.1Cr15.4Cu15.4Fe15.4Ni15.4Mn15.4,None,AC,None,hardness,EXP,None,298,7041425999.999999,None,Pa,None,Wang_2019_EffectAnnealingMicrostructures 
None,Al17.2Co17.2Cr17.2Fe17.2Ni17.2Ti13.8,None,AC,None,hardness,EXP,None,298,5150636400.000001,None,Pa,None,Huang_2020_MicrostructureEvolutionWear
None,Co25Fe25Ni25Mn25,None,AC,None,hardness,EXP,None,298,1353366000.0,None,Pa,None,Hou_2019_StudyMicrostructureMechanical
None,Cr24.4Cu2.4Fe24.4Ni24.4Ti24.4,None,AC,None,hardness,EXP,None,298,8179038000.0,None,Pa,None,Gong_2019_HighTemperatureOxidation
None,Cr23.5Cu5.9Fe23.5Ni23.5Ti23.5,None,AC,None,hardness,EXP,None,298,8090774999.999999,None,Pa,None,Gong_2019_HighTemperatureOxidation
None,Cr22.2Cu11.1Fe22.2Ni22.2Ti22.2,None,AC,None,hardness,EXP,None,298,7129689000.0,None,Pa,None,Gong_2019_HighTemperatureOxidation
None,Cr21.1Cu15.8Fe21.1Ni21.1Ti21.1,None,AC,None,hardness,EXP,None,298,6482426999.999999,None,Pa,None,Gong_2019_HighTemperatureOxidation
None,Cr20Cu20Fe20Ni20Ti20,None,AC,None,hardness,EXP,None,298,6443199000.0,None,Pa,None,Gong_2019_HighTemperatureOxidation
None,Cr10Fe50Ni10Mn30,None,AC,None,hardness,EXP,None,298,1333752000.0,None,Pa,None,Bai_2020_EffectCrMicrostructure 
None,Cr18Fe50Ni10Mn22,None,AC,None,hardness,EXP,None,298,1461243000.0,None,Pa,None,Bai_2020_EffectCrMicrostructure 
None,Co20Cr20Fe20Ni20Ti20,None,AC,None,hardness,EXP,None,298,8698808999.999998,None,Pa,None,Xu_2018_StudyMicrostructureEvolution
None,Al16.4Co16.4Cr16.4Cu16.4Fe16.4Ni16.4V1.6,None,AC,None,hardness,EXP,None,298,4726974000.0,None,Pa,None,Li_2019_MicrostructureMechanicalProperties 
None,Al15.2Cr15.2Cu24.2Fe15.2Ni30.3,None,AC,None,hardness,EXP,None,298,3648204000.0,None,Pa,None,Yang_2019_Microstructuremechanicalproperties
None,Al4.8Cr23.8Cu23.8Ni23.8Ti23.8,None,AC,None,hardness,EXP,None,298,3687432000.0,None,Pa,None,Guo_2019_MicrostructureandHardness
None,Al20Cr20Cu20Ni20Ti20,None,AC,None,hardness,EXP,None,298,5030991000.0,None,Pa,None,Guo_2019_MicrostructureandHardness
None,Co25Fe25Ni25Mo25,None,AC,None,hardness,EXP,None,298,4491606000.0,None,Pa,None,Qu_2020_MicrostructuralEvolutionMechanical 
None,Al20Co20Fe20Ni20Mo20,None,AC,None,hardness,EXP,None,298,7355250000.0,None,Pa,None,Qu_2020_MicrostructuralEvolutionMechanical 
None,Al2.5Co25Cr22.5Fe25Ni25,None,AC,None,hardness,EXP,None,298,1326887100.0,None,Pa,None,Wang_2020_StudyMechanicalProperties
None,Al5Co25Cr20Fe25Ni25,None,AC,None,hardness,EXP,None,298,1443590400.0,None,Pa,None,Wang_2020_StudyMechanicalProperties
None,Al7.5Co25Cr17.5Fe25Ni25,None,AC,None,hardness,EXP,None,298,1719167100.0000002,None,Pa,None,Wang_2020_StudyMechanicalProperties
None,Al10Co25Cr15Fe25Ni25,None,AC,None,hardness,EXP,None,298,1867252800.0,None,Pa,None,Wang_2020_StudyMechanicalProperties
None,Al12.5Co25Cr12.5Fe25Ni25,None,AC,None,hardness,EXP,None,298,2065354199.9999998,None,Pa,None,Wang_2020_StudyMechanicalProperties
None,Al15Co25Cr10Fe25Ni25,None,AC,None,hardness,EXP,None,298,2454692100.0,None,Pa,None,Wang_2020_StudyMechanicalProperties
None,Al17.5Co25Cr7.5Fe25Ni25,None,AC,None,hardness,EXP,None,298,3080378700.0000005,None,Pa,None,Wang_2020_StudyMechanicalProperties
None,Al20Co25Cr5Fe25Ni25,None,AC,None,hardness,EXP,None,298,3790405500.0,None,Pa,None,Wang_2020_StudyMechanicalProperties
None,Al22.5Co25Cr2.5Fe25Ni25,None,AC,None,hardness,EXP,None,298,4769144100.0,None,Pa,None,Wang_2020_StudyMechanicalProperties
None,Al6.5Co21.7Cr21.7Fe21.7Ni21.7Mn6.5,None,AC,None,hardness,EXP,None,298,1441629000.0,None,Pa,None,Cheng_2018_StudyAlCoCrFeMnNiC
None,Al6.1Co20.4Cr20.4Fe20.4Ni20.4Mn12.2,None,AC,None,hardness,EXP,None,298,1323945000.0,None,Pa,None,Cheng_2018_StudyAlCoCrFeMnNiC
None,Al10.4Co20.8Cr20.8Fe20.8Ni20.8Mn6.3,None,AC,None,hardness,EXP,None,298,1726032000.0,None,Pa,None,Cheng_2018_StudyAlCoCrFeMnNiC
None,Al9.8Co19.6Cr19.6Fe19.6Ni19.6Mn11.8,None,AC,None,hardness,EXP,None,298,1578927000.0,None,Pa,None,Cheng_2018_StudyAlCoCrFeMnNiC
None,Al18.9Co18.9Cr18.9Fe18.9Ni18.9Mn5.7,None,AC,None,hardness,EXP,None,298,4913307000.0,None,Pa,None,Cheng_2018_StudyAlCoCrFeMnNiC
None,Al17.9Co17.9Cr17.9Fe17.9Ni17.9Mn10.7,None,AC,None,hardness,EXP,None,298,4795623000.0,None,Pa,None,Cheng_2018_StudyAlCoCrFeMnNiC
None,Al20.6Co15.9Cr15.9Fe15.9Ni31.7,None,AC,None,hardness,EXP,None,298,3334380000.0,None,Pa,None,Wang_2018_MicrostructureWearlProperties
None,Al18.2Cr18.2Cu18.2Fe18.2Ni18.2Ti9.1,None,AC,None,hardness,EXP,None,298,4511220000.0,None,Pa,None,Jie_2018_StudyMicrostructureProperties
None,Al15.4Cr15.4Cu15.4Fe15.4Ni15.4Ti23.1,None,AC,None,hardness,EXP,None,298,5844972000.0,None,Pa,None,Jie_2018_StudyMicrostructureProperties
None,Al20Cr20Fe20Ni20Ti20,None,AC,None,hardness,EXP,None,298,6742116360.0,None,Pa,None,Shi_2018_EffectsCuElement
None,Al22Co18.3Cr18.3Fe18.3Ni18.3Ti4.6,None,AC,None,hardness,EXP,None,298,6535188660.0,None,Pa,None,Dong_2018_EffectsTiElement
None,Al21.1Co17.5Cr17.5Fe17.5Ni17.5Ti8.8,None,AC,None,hardness,EXP,None,298,7031815140.0,None,Pa,None,Dong_2018_EffectsTiElement
None,Al20.2Co16.8Cr16.8Fe16.8Ni16.8Ti12.6,None,AC,None,hardness,EXP,None,298,6890496270.0,None,Pa,None,Dong_2018_EffectsTiElement
None,Al19.4Co16.1Cr16.1Fe16.1Ni16.1Ti16.1,None,AC,None,hardness,EXP,None,298,6633945150.000001,None,Pa,None,Dong_2018_EffectsTiElement
None,Co15.4Cu15.4Fe15.4Ni15.4Ti23.1V15.4,None,AC,None,hardness,EXP,None,298,5776323000.0,None,Pa,None,Ye_2017_EffectTitaniumContent
None,Al16.7Co16.7Cr16.7Fe16.7Ni16.7Mo16.7,None,AC,None,hardness,EXP,None,298,8346541560.0,None,Pa,None,Ban_2017_InfluenceHeatTreatment
None,Al9.5Co19Cr19Cu14.3Fe19Ni19,None,AC,None,hardness,EXP,None,298,2360544900.0,None,Pa,None,Fan_2011_ResearchMicrostructureProperties
None,Al10Co20Cr20Cu10Fe20Ni20,None,AC,None,hardness,EXP,None,298,2361329460.0,None,Pa,None,Fan_2011_ResearchMicrostructureProperties
None,Al13.5Co19.2Cr19.2Cu9.6Fe19.2Ni19.2,None,AC,None,hardness,EXP,None,298,3065079780.0,None,Pa,None,Fan_2011_ResearchMicrostructureProperties
None,Al14.3Co19Cr19Cu9.5Fe19Ni19,None,AC,None,hardness,EXP,None,298,3345069630.0,None,Pa,None,Fan_2011_ResearchMicrostructureProperties
None,Al15Co20Cr20Cu5Fe20Ni20,None,AC,None,hardness,EXP,None,298,3679880610.0,None,Pa,None,Fan_2011_ResearchMicrostructureProperties
None,Al15.2Co19Cr19Cu8.6Fe19Ni19,None,AC,None,hardness,EXP,None,298,3954672750.0,None,Pa,None,Fan_2011_ResearchMicrostructureProperties
None,Al17Co18.9Cr18.9Cu7.5Fe18.9Ni18.9,None,AC,None,hardness,EXP,None,298,5492998770.0,None,Pa,None,Fan_2011_ResearchMicrostructureProperties
None,Al19.6Co19.6Cr19.6Cu2Fe19.6Ni19.6,None,AC,None,hardness,EXP,None,298,5670995820.0,None,Pa,None,Fan_2011_ResearchMicrostructureProperties
None,Cr16.7Cu16.7Fe16.7Ni16.7Ti16.7V16.7,None,AC,None,hardness,EXP,None,298,6443199000.0,None,Pa,None,Ge_2013_StudyMicrostructureMechanical
None,Al7.7Cr15.4Cu15.4Fe15.4Ni15.4Ti15.4V15.4,None,AC,None,hardness,EXP,None,298,5815551000.0,None,Pa,None,Ge_2013_StudyMicrostructureMechanical
None,Al14.3Cr14.3Cu14.3Fe14.3Ni14.3Ti14.3V14.3,None,AC,None,hardness,EXP,None,298,7355250000.0,None,Pa,None,Ge_2013_StudyMicrostructureMechanical
None,Al20Cr13.3Cu13.3Fe13.3Ni13.3Ti13.3V13.3,None,AC,None,hardness,EXP,None,298,8777265000.0,None,Pa,None,Ge_2013_StudyMicrostructureMechanical
None,Al19.2Co19.2Cr19.2Fe19.2Ni19.2Ti3.8,None,AC,None,hardness,EXP,None,298,4579869000.0,None,Pa,None,Wang_2013_StudyMicrostructuresmechanical
None,Cr21.5Cu3.2Fe21.5Ni32.3Mn21.5,None,AC,None,hardness,EXP,None,298,1245489000.0,None,Pa,None,Fang_2014_MicrostructureCorrosionResistance
None,Al16.7Cr16.7Cu33.3Fe16.7Ni16.7,None,AC,None,hardness,EXP,None,298,3677625000.0,None,Pa,None,Zhang_2015_EffectsAgingTreatment
None,Al23.8Co23.8Cr23.8Fe4.8Ni23.8,None,AC,None,hardness,EXP,None,298,6249020400.0,None,Pa,None,Chen_2015_StudyModificationAl
None,Co22.2Cr22.2Fe22.2Ni22.2V11.1,None,AC,None,hardness,EXP,None,298,4614193500.0,None,Pa,None,Liu_2015_MicrostructureMechanicalProperties
None,Co16.7Cr16.7Fe16.7Ni16.7V33.3,None,AC,None,hardness,EXP,None,298,9024401400.0,None,Pa,None,Liu_2015_MicrostructureMechanicalProperties
None,Al3.5Co26.3Cr17.5Fe17.5Ni26.3Ti8.8,None,AC,None,hardness,EXP,None,298,4715205600.0,None,Pa,None,Kong_2016_EffectAlMn
None,Al3.2Co24.2Cr16.1Fe16.1Ni24.2Ti16.1,None,AC,None,hardness,EXP,None,298,6586381200.0,None,Pa,None,Kong_2016_EffectAlMn
None,Al18.2Co18.2Cr18.2Cu9.1Fe18.2Ti18.2,None,AC,None,hardness,EXP,None,298,7884828000.0,None,Pa,None,Hao_2016_EffectCuorganization
None,Al17.4Co17.4Cr17.4Cu13Fe17.4Ti17.4,None,AC,None,hardness,EXP,None,298,6011691000.0,None,Pa,None,Hao_2016_EffectCuorganization
None,Al16.7Co16.7Cr16.7Cu16.7Fe16.7Ti16.7,None,AC,None,hardness,EXP,None,298,5707674000.0,None,Pa,None,Hao_2016_EffectCuorganization
None,Al5Co22.5Cr25Cu22.5Ni25,None,AC,None,hardness,EXP,None,298,1618449209.9999998,None,Pa,None,Wang_2017_MicrostructureMechanicalProperties
None,Co10Cr10Fe40Mn40,None,AC,None,hardness,EXP,None,298,1287659100.0000002,None,Pa,None,Shao_2017_EffectCarbonMicrostructure
None,Co10Fe40Ni10Mn40,None,AC,None,hardness,EXP,None,298,1333752000.0,None,Pa,None,Shao_2017_EffectCarbonMicrostructure
None,Co10Cr10Fe50Mn30,None,AC,None,hardness,EXP,None,298,3726660000.0,None,Pa,None,Shao_2017_EffectCarbonMicrostructure
None,Cr25Fe25Mo25V25,None,AC,None,hardness,EXP,None,298,7061040000.0,None,Pa,None,10.1007/s11665-017-2742-3 
None,Cr22.2Fe22.2Mo22.2Ti11.1V22.2,None,AC,None,hardness,EXP,None,298,8022126000.0,None,Pa,None,10.1007/s11665-017-2742-3 
None,Cr18.2Fe18.2Mo18.2Ti27.3V18.2,None,AC,None,hardness,EXP,None,298,7208145000.0,None,Pa,None,10.1007/s11665-017-2742-3
None,Cr16.7Fe16.7Mo16.7Ti33.3V16.7,None,AC,None,hardness,EXP,None,298,6717795000.0,None,Pa,None,10.1007/s11665-017-2742-3
None,Co24.4Cr24.4Fe24.4Ni24.4Mo2.4,None,AC,None,hardness,EXP,None,298,1471050000.0,None,Pa,None,10.4028/www.scientific.net/MSF.816.324
None,Co20Cr20Fe40Ni20,None,AC,None,hardness,EXP,None,298,1216068000.0,None,Pa,None,10.1007/978-981-13-0110-0_28
None,Co14.3Cr14.3Fe57.1Ni14.3,None,AC,None,hardness,EXP,None,298,1068962999.9999999,None,Pa,None,10.1007/978-981-13-0110-0_28
None,Co16.7Cr16.7Fe50Ni16.7,None,AC,None,hardness,EXP,None,298,1127805000.0,None,Pa,None,10.1007/978-981-13-0110-0_28
None,Co22.2Cu11.1Fe22.2Ni22.2V22.2,None,AC,None,hardness,EXP,None,298,2098697999.9999998,None,Pa,None,10.1080/02670836.2017.1412044
None,Co20Cu10Fe20Ni20Ti10V20,None,AC,None,hardness,EXP,None,298,5354622000.0,None,Pa,None,10.1080/02670836.2017.1412044
None,Co18.2Cu9.1Fe18.2Ni18.2Ti18.2V18.2,None,AC,None,hardness,EXP,None,298,6766830000.0,None,Pa,None,10.1080/02670836.2017.1412044
None,Co16.7Cu8.3Fe16.7Ni16.7Ti25V16.7,None,AC,None,hardness,EXP,None,298,6511848000.0,None,Pa,None,10.1080/02670836.2017.1412044
None,Co15.4Cu7.7Fe15.4Ni15.4Ti30.8V15.4,None,AC,None,hardness,EXP,None,298,6472620000.0,None,Pa,None,10.1080/02670836.2017.1412044
None,Co25Cr25Fe25Mn25,None,AC,None,hardness,EXP,None,298,3040170000.0,None,Pa,None,10.1007/s12666-019-01838-2
None,Al13Co21.7Cr21.7Fe21.7Ni21.7,None,AC,None,hardness,EXP,None,298,2410560600.0,None,Pa,None,10.37358/RC.18.4.6203
None,Al4.8Co23.8Cr23.8Fe23.8Ni23.8,None,AC,None,hardness,EXP,None,298,1657383000.0,None,Pa,None,10.37358/RC.18.4.6203
None,Al25.9Co18.5Cr18.5Fe18.5Ni18.5,None,AC,None,hardness,EXP,None,298,5066296200.0,None,Pa,None,10.37358/RC.18.4.6203
None,Al13.3Co33.3Cu20Ni33.3,None,AC,None,hardness,EXP,None,298,1892750999.9999998,None,Pa,None,10.37358/RC.18.4.6203
None,Al7Co23.3Cr23.3Fe23.3Ni23.3,None,AC,None,hardness,EXP,None,298,1627962000.0,None,Pa,None,Cheng_2018_StudyAlCoCrFeMnNiC
None,Al8.6Co22.9Cr22.9Fe22.9Ni22.9,None,AC,None,hardness,EXP,None,298,1284717000.0,None,Pa,None,10.1016/j.jallcom.2009.08.090
None,Al16.7Co16.7Cr16.7Cu16.7Fe16.7Ni16.7,None,AC,None,hardness,EXP,None,298,4628903999.999999,None,Pa,None,10.1016/j.msea.2012.07.003
None,Al16.7Co16.7Cr16.7Fe33.3Ni16.7,None,AC,None,hardness,EXP,None,298,4756394999.999999,None,Pa,None,Gong_2019_HighTemperatureOxidation
None,Al16.7Co16.7Cu16.7Fe16.7Ni16.7Ti16.7,None,AC,None,hardness,EXP,None,298,6139182000.0,None,Pa,None,10.1016/j.msea.2012.07.003
None,Al16.7Cr16.7Cu16.7Fe16.7Ni33.3,None,AC,None,hardness,EXP,None,298,3883572000.0,None,Pa,None,Liu_2016_StudyMicrostructureTribological
None,Al16Co20Cr20Fe20Ni20Ti4,None,AC,None,hardness,EXP,None,298,4638711000.0,None,Pa,None,Jiang_2014_MicrostructurePropertiesAscast
None,Al18.2Co18.2Cr18.2Fe18.2Ni18.2Mo9.1,None,AC,None,hardness,EXP,None,298,7325829000.0,None,Pa,None,10.1002/adem.200900171
None,Al18.2Co18.2Cr18.2Fe18.2Ni18.2Ti9.1,None,AC,None,hardness,EXP,None,298,4972149000.0,None,Pa,None,Wang_2013_TheStudyMicrostructures
None,Al10Co20Cr20Fe20Ni20Ti10,None,AC,None,hardness,EXP,None,298,5099640000.0,None,Pa,None,Lin_2017_StudyMicrostructureProperties
None,Al23.8Co19Cr19Fe19Ni19,None,AC,None,hardness,EXP,None,298,4834851000.0,None,Pa,None,10.1016/j.jallcom.2009.08.090
None,Al25Co25Fe25Ni25,None,AC,None,hardness,EXP,None,298,4383729000.0,None,Pa,None,10.1016/j.intermet.2016.09.003
None,Al26.5Cr14.7Cu14.7Fe14.7Ni29.4,None,AC,None,hardness,EXP,None,298,5589990000.0,None,Pa,None,Liu_2016_StudyMicrostructureTribological
None,Al27.3Co18.2Cr18.2Fe18.2Ni18.2,None,AC,None,hardness,EXP,None,298,5001570000.0,None,Pa,None,10.1016/j.jallcom.2009.08.090
None,Al28.6Co14.3Cr14.3Fe14.3Ni14.3Ti14.3,None,AC,None,hardness,EXP,None,298,7149303000.0,None,Pa,None,Xu_2018_StudyMicrostructureEvolution
None,Al20Co20Cr20Cu20Fe20,None,AC,None,hardness,EXP,None,298,3991449000.0,None,Pa,None,10.3166/acsm.31.633-648
None,Al20Co20Cu20Fe20Ni20,None,AC,None,hardness,EXP,None,298,5256552000.0,None,Pa,None,10.11890/1006-7191-122-124
None,Co25Cr16.7Fe16.7Ni25Ti16.7,None,AC,None,hardness,EXP,None,298,5847914100.0,None,Pa,None,Kong_2016_EffectAlMn
None,Co25Cr25Fe25Ni25,None,AC,None,hardness,EXP,None,298,1529892000.0,None,Pa,None,10.1016/j.jallcom.2020.154159
None,Co27.3Cr18.2Fe18.2Ni27.3Ti9.1,None,AC,None,hardness,EXP,None,298,4388632500.0,None,Pa,None,Kong_2016_EffectAlMn
None,Co20Cr20Fe20Ni20Mn20,None,AC,None,hardness,EXP,None,298,1157225999.9999998,None,Pa,None,Dong_2017_MicrostructureMechanicalProperties 
None,Cr20Fe20Mo20Ti20V20,None,AC,None,hardness,EXP,None,298,8404598999.999999,None,Pa,None,Guo_2020_MicrostructureRoomTemperature
None,Co20Cr20Fe20Ni20V20,None,AC,None,hardness,EXP,None,298,4942728000.0,None,Pa,None,Liu_2015_MicrostructureMechanicalProperties
None,Co18.2Cr18.2Fe18.2Ni18.2V27.3,None,AC,None,hardness,EXP,None,298,8777265000.0,None,Pa,None,Liu_2015_MicrostructureMechanicalProperties
None,Al34Co17Cr34Fe5Ni10,None,AC,None,hardness,EXP,None,298,6855093000.0,None,Pa,None,10.1016/j.actamat.2019.03.010
None,Al47Co14Cr15Cu5Fe13Ni6,None,AC,None,hardness,EXP,None,298,7139495999.999999,None,Pa,None,10.1016/j.actamat.2019.03.010
None,Al38Co11Cr6Cu9Fe31Ni5,None,AC,None,hardness,EXP,None,298,5923427999.999999,None,Pa,None,10.1016/j.actamat.2019.03.010
None,Al36Co10Cr31Cu6Fe9Ni8,None,AC,None,hardness,EXP,None,298,7747529999.999999,None,Pa,None,10.1016/j.actamat.2019.03.010
None,Al43Co17Cr15Fe14Ni11,None,AC,None,hardness,EXP,None,298,7904442000.0,None,Pa,None,10.1016/j.actamat.2019.03.010
None,Al47Co12Cr12Cu5Fe13Ni11,None,AC,None,hardness,EXP,None,298,7953476999.999999,None,Pa,None,10.1016/j.actamat.2019.03.010
None,Al43Co19Cr19Fe11Ni8,None,AC,None,hardness,EXP,None,298,8384985000.0,None,Pa,None,10.1016/j.actamat.2019.03.010
None,Al39Co10Cr31Cu5Fe8Ni7,None,AC,None,hardness,EXP,None,298,7865214000.0,None,Pa,None,10.1016/j.actamat.2019.03.010
None,Al47Co13Cr13Cu5Fe12Ni10,None,AC,None,hardness,EXP,None,298,7835793000.0,None,Pa,None,10.1016/j.actamat.2019.03.010
None,Al43Co20Cr22Fe8Ni7,None,AC,None,hardness,EXP,None,298,8404598999.999999,None,Pa,None,10.1016/j.actamat.2019.03.010
None,Al47Co14Cr19Cu5Fe10Ni5,None,AC,None,hardness,EXP,None,298,8384985000.0,None,Pa,None,10.1016/j.actamat.2019.03.010
None,Al43Co20Cr19Fe9Ni9,None,AC,None,hardness,EXP,None,298,8002511999.999999,None,Pa,None,10.1016/j.actamat.2019.03.010
None,Al46Co14Cr23Cu5Fe7Ni5,None,AC,None,hardness,EXP,None,298,7953476999.999999,None,Pa,None,10.1016/j.actamat.2019.03.010
None,Al44Co14Cr22Cu5Fe9Ni6,None,AC,None,hardness,EXP,None,298,7747529999.999999,None,Pa,None,10.1016/j.actamat.2019.03.010
None,Al43Co19Cr24Fe8Ni6,None,AC,None,hardness,EXP,None,298,8384985000.0,None,Pa,None,10.1016/j.actamat.2019.03.010
None,Al43Co18Cr24Fe10Ni5,None,AC,None,hardness,EXP,None,298,8394791999.999999,None,Pa,None,10.1016/j.actamat.2019.03.010
None,Al47Co14Cr20Cu5Fe9Ni5,None,AC,None,hardness,EXP,None,298,8424213000.0,None,Pa,None,10.1016/j.actamat.2019.03.010
None,Al43Co24Cr22Fe5Ni6,None,AC,None,hardness,EXP,None,298,8581125000.0,None,Pa,None,10.1016/j.actamat.2019.03.010
None,Al43Co23Cr21Fe8Ni5,None,AC,None,hardness,EXP,None,298,8463441000.0,None,Pa,None,10.1016/j.actamat.2019.03.010
None,Al47Co12Cr20Cu5Fe11Ni5,None,AC,None,hardness,EXP,None,298,8267301000.0,None,Pa,None,10.1016/j.actamat.2019.03.010
None,Al43Co15Cr17Cu5Fe14Ni6,None,AC,None,hardness,EXP,None,298,7786758000.0,None,Pa,None,10.1016/j.actamat.2019.03.010
None,Al42Co10Cr30Cu5Fe7Ni6,None,AC,None,hardness,EXP,None,298,7678881000.0,None,Pa,None,10.1016/j.actamat.2019.03.010
None,Al47Co11Cr22Cu5Fe10Ni5,None,AC,None,hardness,EXP,None,298,7816179000.0,None,Pa,None,10.1016/j.actamat.2019.03.010
None,Al47Co13Cr20Cu5Fe10Ni5,None,AC,None,hardness,EXP,None,298,7894635000.0,None,Pa,None,10.1016/j.actamat.2019.03.010
None,Al29Co22Cr34Fe5Ni10,None,AC,None,hardness,EXP,None,298,6855093000.0,None,Pa,None,10.1016/j.actamat.2019.03.010
None,Al47Co7Cr16Cu9Fe16Ni5,None,AC,None,hardness,EXP,None,298,7345442999.999999,None,Pa,None,10.1016/j.actamat.2019.03.010
None,Al43Co14Cr21Cu5Fe12Ni5,None,AC,None,hardness,EXP,None,298,8120196000.0,None,Pa,None,10.1016/j.actamat.2019.03.010
None,Al47Co18Cr15Cu5Fe10Ni5,None,AC,None,hardness,EXP,None,298,8326143000.0,None,Pa,None,10.1016/j.actamat.2019.03.010
None,Al47Co20Cr18Cu5Fe5Ni5,BCC+B2,AC,None,hardness,EXP,None,298,8659581000.0,None,Pa,None,10.1016/j.actamat.2019.03.010
None,Al43Co18Cr20Fe12Ni7,None,AC,None,hardness,EXP,None,298,8473248000.0,None,Pa,None,10.1016/j.actamat.2019.03.010
None,Al47Co17Cr16Cu5Fe10Ni5,None,AC,None,hardness,EXP,None,298,8247686999.999999,None,Pa,None,10.1016/j.actamat.2019.03.010
None,Al43Co24Cr23Fe5Ni5,None,AC,None,hardness,EXP,None,298,8512475999.999999,None,Pa,None,10.1016/j.actamat.2019.03.010
None,Al43Co25Cr22Fe5Ni5,None,AC,None,hardness,EXP,None,298,8483055000.0,None,Pa,None,10.1016/j.actamat.2019.03.010
None,Al46Co21Cr18Cu5Fe5Ni5,None,AC,None,hardness,EXP,None,298,8237880000.000001,None,Pa,None,10.1016/j.actamat.2019.03.010
None,Al43Co22Cr22Fe8Ni5,None,AC,None,hardness,EXP,None,298,8649773999.999998,None,Pa,None,10.1016/j.actamat.2019.03.010
None,Al43Co22Cr23Fe7Ni5,None,AC,None,hardness,EXP,None,298,8659581000.0,None,Pa,None,10.1016/j.actamat.2019.03.010
None,Al43Co20Cr21Fe9Ni7,None,AC,None,hardness,EXP,None,298,8120196000.0,None,Pa,None,10.1016/j.actamat.2019.03.010
None,Al43Co22Cr25Fe5Ni5,BCC+B2,AC,None,hardness,EXP,None,298,8316336000.0,None,Pa,None,10.1016/j.actamat.2019.03.010
None,Al47Co19Cr19Cu5Fe5Ni5,None,AC,None,hardness,EXP,None,298,8610546000.0,None,Pa,None,10.1016/j.actamat.2019.03.010
None,Al43Co29Cr18Fe5Ni5,None,AC,None,hardness,EXP,None,298,7669074000.0,None,Pa,None,10.1016/j.actamat.2019.03.010
None,Al9.1Cr22.7Cu22.7Ni22.7Ti22.7,None,AC,None,hardness,EXP,None,298,3844344000.0,None,Pa,None,Guo_2019_MicrostructureHardnessAlCrCuNiTi
None,Al13Cr21.7Cu21.7Ni21.7Ti21.7,None,AC,None,hardness,EXP,None,298,4432764000.0,None,Pa,None,Guo_2019_MicrostructureHardnessAlCrCuNiTi
None,Al20Co20Cr20Fe20Ni20,None,AC,None,hardness,EXP,None,298,3434411399.9999995,None,Pa,None,Huang_2020_MicrostructureEvolutionWear
None,Al16.7Co16.7Cr16.7Fe16.7Ni16.7Ti16.7,None,AC,None,hardness,EXP,None,298,4266045000.0,None,Pa,None,Huang_2020_MicrostructureEvolutionWear
